ID,SALT,PASSWORD,TIME
1,10,Y5N=j>Naxr=MZ3*j,80535658
2,10,Y5N=j>Naxr=MZ3*j,94180758
3,10,Y5N=j>Naxr=MZ3*j,78754478
4,10,Y5N=j>Naxr=MZ3*j,73384687
5,10,Y5N=j>Naxr=MZ3*j,77784013
6,10,Y5N=j>Naxr=MZ3*j,74825705
7,10,Y5N=j>Naxr=MZ3*j,76491476
8,10,Y5N=j>Naxr=MZ3*j,75031428
9,10,Y5N=j>Naxr=MZ3*j,74111765
10,10,Y5N=j>Naxr=MZ3*j,73013023
11,10,Y5N=j>Naxr=MZ3*j,72577713
12,10,Y5N=j>Naxr=MZ3*j,77650462
13,10,Y5N=j>Naxr=MZ3*j,74402552
14,10,Y5N=j>Naxr=MZ3*j,71921327
15,10,Y5N=j>Naxr=MZ3*j,77499874
16,10,Y5N=j>Naxr=MZ3*j,70119778
17,10,Y5N=j>Naxr=MZ3*j,77343741
18,10,Y5N=j>Naxr=MZ3*j,74400491
19,10,Y5N=j>Naxr=MZ3*j,73166328
20,10,Y5N=j>Naxr=MZ3*j,71225151
21,10,Y5N=j>Naxr=MZ3*j,74675643
22,10,Y5N=j>Naxr=MZ3*j,74812283
23,10,Y5N=j>Naxr=MZ3*j,68527535
24,10,Y5N=j>Naxr=MZ3*j,70715072
25,10,Y5N=j>Naxr=MZ3*j,74782046
26,10,Y5N=j>Naxr=MZ3*j,69019409
27,10,Y5N=j>Naxr=MZ3*j,73267577
28,10,Y5N=j>Naxr=MZ3*j,72584876
29,10,Y5N=j>Naxr=MZ3*j,72206047
30,10,Y5N=j>Naxr=MZ3*j,79358969
31,10,Y5N=j>Naxr=MZ3*j,79227556
32,10,Y5N=j>Naxr=MZ3*j,69447860
33,10,Y5N=j>Naxr=MZ3*j,73648644
34,10,Y5N=j>Naxr=MZ3*j,74679665
35,10,Y5N=j>Naxr=MZ3*j,71595740
36,10,Y5N=j>Naxr=MZ3*j,69076915
37,10,Y5N=j>Naxr=MZ3*j,71088815
38,10,Y5N=j>Naxr=MZ3*j,73716818
39,10,Y5N=j>Naxr=MZ3*j,78709092
40,10,Y5N=j>Naxr=MZ3*j,73002151
41,10,Y5N=j>Naxr=MZ3*j,77674436
42,10,Y5N=j>Naxr=MZ3*j,77407423
43,10,Y5N=j>Naxr=MZ3*j,68806186
44,10,Y5N=j>Naxr=MZ3*j,77025830
45,10,Y5N=j>Naxr=MZ3*j,76499027
46,10,Y5N=j>Naxr=MZ3*j,68815534
47,10,Y5N=j>Naxr=MZ3*j,77096435
48,10,Y5N=j>Naxr=MZ3*j,73682411
49,10,Y5N=j>Naxr=MZ3*j,72763063
50,10,Y5N=j>Naxr=MZ3*j,75452189
51,10,Y5N=j>Naxr=MZ3*j,73175650
52,10,Y5N=j>Naxr=MZ3*j,79904744
53,10,Y5N=j>Naxr=MZ3*j,81910741
54,10,Y5N=j>Naxr=MZ3*j,69124096
55,10,Y5N=j>Naxr=MZ3*j,72544640
56,10,Y5N=j>Naxr=MZ3*j,77518821
57,10,Y5N=j>Naxr=MZ3*j,68288136
58,10,Y5N=j>Naxr=MZ3*j,72531117
59,10,Y5N=j>Naxr=MZ3*j,68110988
60,10,Y5N=j>Naxr=MZ3*j,74589580
61,10,Y5N=j>Naxr=MZ3*j,68356044
62,10,Y5N=j>Naxr=MZ3*j,74348003
63,10,Y5N=j>Naxr=MZ3*j,74667586
64,10,Y5N=j>Naxr=MZ3*j,74486211
65,10,Y5N=j>Naxr=MZ3*j,68566387
66,10,Y5N=j>Naxr=MZ3*j,77798819
67,10,Y5N=j>Naxr=MZ3*j,70394311
68,10,Y5N=j>Naxr=MZ3*j,68627783
69,10,Y5N=j>Naxr=MZ3*j,69949615
70,10,Y5N=j>Naxr=MZ3*j,76683703
71,10,Y5N=j>Naxr=MZ3*j,72468597
72,10,Y5N=j>Naxr=MZ3*j,72846159
73,10,Y5N=j>Naxr=MZ3*j,68577244
74,10,Y5N=j>Naxr=MZ3*j,70354815
75,10,Y5N=j>Naxr=MZ3*j,72543346
76,10,Y5N=j>Naxr=MZ3*j,69964342
77,10,Y5N=j>Naxr=MZ3*j,88346368
78,10,Y5N=j>Naxr=MZ3*j,73843672
79,10,Y5N=j>Naxr=MZ3*j,73238631
80,10,Y5N=j>Naxr=MZ3*j,69603461
81,10,Y5N=j>Naxr=MZ3*j,75672131
82,10,Y5N=j>Naxr=MZ3*j,71830553
83,10,Y5N=j>Naxr=MZ3*j,79556875
84,10,Y5N=j>Naxr=MZ3*j,68956271
85,10,Y5N=j>Naxr=MZ3*j,72437992
86,10,Y5N=j>Naxr=MZ3*j,76209328
87,10,Y5N=j>Naxr=MZ3*j,71416571
88,10,Y5N=j>Naxr=MZ3*j,70352979
89,10,Y5N=j>Naxr=MZ3*j,73954097
90,10,Y5N=j>Naxr=MZ3*j,73281923
91,10,Y5N=j>Naxr=MZ3*j,72100034
92,10,Y5N=j>Naxr=MZ3*j,72850537
93,10,Y5N=j>Naxr=MZ3*j,74843644
94,10,Y5N=j>Naxr=MZ3*j,77057431
95,10,Y5N=j>Naxr=MZ3*j,75279690
96,10,Y5N=j>Naxr=MZ3*j,76615404
97,10,Y5N=j>Naxr=MZ3*j,80825553
98,10,Y5N=j>Naxr=MZ3*j,70120228
99,10,Y5N=j>Naxr=MZ3*j,70125364
100,10,Y5N=j>Naxr=MZ3*j,70548271
101,10,Y5N=j>Naxr=MZ3*j,76113464
102,10,Y5N=j>Naxr=MZ3*j,70546507
103,10,Y5N=j>Naxr=MZ3*j,70519502
104,10,Y5N=j>Naxr=MZ3*j,71332306
105,10,Y5N=j>Naxr=MZ3*j,77532889
106,10,Y5N=j>Naxr=MZ3*j,76703843
107,10,Y5N=j>Naxr=MZ3*j,72538536
108,10,Y5N=j>Naxr=MZ3*j,74447041
109,10,Y5N=j>Naxr=MZ3*j,73334973
110,10,Y5N=j>Naxr=MZ3*j,72936496
111,10,Y5N=j>Naxr=MZ3*j,68884225
112,10,Y5N=j>Naxr=MZ3*j,74892749
113,10,Y5N=j>Naxr=MZ3*j,77201677
114,10,Y5N=j>Naxr=MZ3*j,70757470
115,10,Y5N=j>Naxr=MZ3*j,74233767
116,10,Y5N=j>Naxr=MZ3*j,74965648
117,10,Y5N=j>Naxr=MZ3*j,74636134
118,10,Y5N=j>Naxr=MZ3*j,76706002
119,10,Y5N=j>Naxr=MZ3*j,73597909
120,10,Y5N=j>Naxr=MZ3*j,68505224
121,10,Y5N=j>Naxr=MZ3*j,68561555
122,10,Y5N=j>Naxr=MZ3*j,77226058
123,10,Y5N=j>Naxr=MZ3*j,68723314
124,10,Y5N=j>Naxr=MZ3*j,70336074
125,10,Y5N=j>Naxr=MZ3*j,87669091
126,10,Y5N=j>Naxr=MZ3*j,73921676
127,10,Y5N=j>Naxr=MZ3*j,74034531
128,10,Y5N=j>Naxr=MZ3*j,75144636
129,10,Y5N=j>Naxr=MZ3*j,72538378
130,10,Y5N=j>Naxr=MZ3*j,74681535
131,10,Y5N=j>Naxr=MZ3*j,73214443
132,10,Y5N=j>Naxr=MZ3*j,74876927
133,10,Y5N=j>Naxr=MZ3*j,74619278
134,10,Y5N=j>Naxr=MZ3*j,74205726
135,10,Y5N=j>Naxr=MZ3*j,80200096
136,10,Y5N=j>Naxr=MZ3*j,73433015
137,10,Y5N=j>Naxr=MZ3*j,74649577
138,10,Y5N=j>Naxr=MZ3*j,78985300
139,10,Y5N=j>Naxr=MZ3*j,76888600
140,10,Y5N=j>Naxr=MZ3*j,78682767
141,10,Y5N=j>Naxr=MZ3*j,72602635
142,10,Y5N=j>Naxr=MZ3*j,75216188
143,10,Y5N=j>Naxr=MZ3*j,76569818
144,10,Y5N=j>Naxr=MZ3*j,68658324
145,10,Y5N=j>Naxr=MZ3*j,70756325
146,10,Y5N=j>Naxr=MZ3*j,69197025
147,10,Y5N=j>Naxr=MZ3*j,68617741
148,10,Y5N=j>Naxr=MZ3*j,73376918
149,10,Y5N=j>Naxr=MZ3*j,75965435
150,10,Y5N=j>Naxr=MZ3*j,73955935
151,10,Y5N=j>Naxr=MZ3*j,77076990
152,10,Y5N=j>Naxr=MZ3*j,75712587
153,10,Y5N=j>Naxr=MZ3*j,77506971
154,10,Y5N=j>Naxr=MZ3*j,76301369
155,10,Y5N=j>Naxr=MZ3*j,68628025
156,10,Y5N=j>Naxr=MZ3*j,68704818
157,10,Y5N=j>Naxr=MZ3*j,77056976
158,10,Y5N=j>Naxr=MZ3*j,76337102
159,10,Y5N=j>Naxr=MZ3*j,70019201
160,10,Y5N=j>Naxr=MZ3*j,75498380
161,10,Y5N=j>Naxr=MZ3*j,76731396
162,10,Y5N=j>Naxr=MZ3*j,77035098
163,10,Y5N=j>Naxr=MZ3*j,69339380
164,10,Y5N=j>Naxr=MZ3*j,72282597
165,10,Y5N=j>Naxr=MZ3*j,72922567
166,10,Y5N=j>Naxr=MZ3*j,68827531
167,10,Y5N=j>Naxr=MZ3*j,72049858
168,10,Y5N=j>Naxr=MZ3*j,79280874
169,10,Y5N=j>Naxr=MZ3*j,81940336
170,10,Y5N=j>Naxr=MZ3*j,73214461
171,10,Y5N=j>Naxr=MZ3*j,73247929
172,10,Y5N=j>Naxr=MZ3*j,77843135
173,10,Y5N=j>Naxr=MZ3*j,70803455
174,10,Y5N=j>Naxr=MZ3*j,72344950
175,10,Y5N=j>Naxr=MZ3*j,72616563
176,10,Y5N=j>Naxr=MZ3*j,74544360
177,10,Y5N=j>Naxr=MZ3*j,72567723
178,10,Y5N=j>Naxr=MZ3*j,78542852
179,10,Y5N=j>Naxr=MZ3*j,73649188
180,10,Y5N=j>Naxr=MZ3*j,68249886
181,10,Y5N=j>Naxr=MZ3*j,68192428
182,10,Y5N=j>Naxr=MZ3*j,75291840
183,10,Y5N=j>Naxr=MZ3*j,68449127
184,10,Y5N=j>Naxr=MZ3*j,72566269
185,10,Y5N=j>Naxr=MZ3*j,70676793
186,10,Y5N=j>Naxr=MZ3*j,68178408
187,10,Y5N=j>Naxr=MZ3*j,72711319
188,10,Y5N=j>Naxr=MZ3*j,72752485
189,10,Y5N=j>Naxr=MZ3*j,71166650
190,10,Y5N=j>Naxr=MZ3*j,70596142
191,10,Y5N=j>Naxr=MZ3*j,72422956
192,10,Y5N=j>Naxr=MZ3*j,69197709
193,10,Y5N=j>Naxr=MZ3*j,74075127
194,10,Y5N=j>Naxr=MZ3*j,70062416
195,10,Y5N=j>Naxr=MZ3*j,72592747
196,10,Y5N=j>Naxr=MZ3*j,76491232
197,10,Y5N=j>Naxr=MZ3*j,69461441
198,10,Y5N=j>Naxr=MZ3*j,75912417
199,10,Y5N=j>Naxr=MZ3*j,76470487
200,10,Y5N=j>Naxr=MZ3*j,71598335
201,10,Y5N=j>Naxr=MZ3*j,78103834
202,10,Y5N=j>Naxr=MZ3*j,78538446
203,10,Y5N=j>Naxr=MZ3*j,73916207
204,10,Y5N=j>Naxr=MZ3*j,73577381
205,10,Y5N=j>Naxr=MZ3*j,70796468
206,10,Y5N=j>Naxr=MZ3*j,78760067
207,10,Y5N=j>Naxr=MZ3*j,78780314
208,10,Y5N=j>Naxr=MZ3*j,69475665
209,10,Y5N=j>Naxr=MZ3*j,69045406
210,10,Y5N=j>Naxr=MZ3*j,74485591
211,10,Y5N=j>Naxr=MZ3*j,72310663
212,10,Y5N=j>Naxr=MZ3*j,74554780
213,10,Y5N=j>Naxr=MZ3*j,72324416
214,10,Y5N=j>Naxr=MZ3*j,71760616
215,10,Y5N=j>Naxr=MZ3*j,71419039
216,10,Y5N=j>Naxr=MZ3*j,74177253
217,10,Y5N=j>Naxr=MZ3*j,75039860
218,10,Y5N=j>Naxr=MZ3*j,75269517
219,10,Y5N=j>Naxr=MZ3*j,70070748
220,10,Y5N=j>Naxr=MZ3*j,71737542
221,10,Y5N=j>Naxr=MZ3*j,78098553
222,10,Y5N=j>Naxr=MZ3*j,69962942
223,10,Y5N=j>Naxr=MZ3*j,70012233
224,10,Y5N=j>Naxr=MZ3*j,74280583
225,10,Y5N=j>Naxr=MZ3*j,73380190
226,10,Y5N=j>Naxr=MZ3*j,73850278
227,10,Y5N=j>Naxr=MZ3*j,70867666
228,10,Y5N=j>Naxr=MZ3*j,69239216
229,10,Y5N=j>Naxr=MZ3*j,78063937
230,10,Y5N=j>Naxr=MZ3*j,72034294
231,10,Y5N=j>Naxr=MZ3*j,69369907
232,10,Y5N=j>Naxr=MZ3*j,73132758
233,10,Y5N=j>Naxr=MZ3*j,72921756
234,10,Y5N=j>Naxr=MZ3*j,70422790
235,10,Y5N=j>Naxr=MZ3*j,69343544
236,10,Y5N=j>Naxr=MZ3*j,80510680
237,10,Y5N=j>Naxr=MZ3*j,72644611
238,10,Y5N=j>Naxr=MZ3*j,74375992
239,10,Y5N=j>Naxr=MZ3*j,68235562
240,10,Y5N=j>Naxr=MZ3*j,71858158
241,10,Y5N=j>Naxr=MZ3*j,73846820
242,10,Y5N=j>Naxr=MZ3*j,69152900
243,10,Y5N=j>Naxr=MZ3*j,72932808
244,10,Y5N=j>Naxr=MZ3*j,75085789
245,10,Y5N=j>Naxr=MZ3*j,72824335
246,10,Y5N=j>Naxr=MZ3*j,77710628
247,10,Y5N=j>Naxr=MZ3*j,77291619
248,10,Y5N=j>Naxr=MZ3*j,71955663
249,10,Y5N=j>Naxr=MZ3*j,78404533
250,10,Y5N=j>Naxr=MZ3*j,72556443
251,10,Y5N=j>Naxr=MZ3*j,68415560
252,10,Y5N=j>Naxr=MZ3*j,69172195
253,10,Y5N=j>Naxr=MZ3*j,69859194
254,10,Y5N=j>Naxr=MZ3*j,74678618
255,10,Y5N=j>Naxr=MZ3*j,69040412
256,10,Y5N=j>Naxr=MZ3*j,70389282
257,10,Y5N=j>Naxr=MZ3*j,73773304
258,10,Y5N=j>Naxr=MZ3*j,76172567
259,10,Y5N=j>Naxr=MZ3*j,74571345
260,10,Y5N=j>Naxr=MZ3*j,76501113
261,10,Y5N=j>Naxr=MZ3*j,68202829
262,10,Y5N=j>Naxr=MZ3*j,76203446
263,10,Y5N=j>Naxr=MZ3*j,76546513
264,10,Y5N=j>Naxr=MZ3*j,69721158
265,10,Y5N=j>Naxr=MZ3*j,70251747
266,10,Y5N=j>Naxr=MZ3*j,78531518
267,10,Y5N=j>Naxr=MZ3*j,71283736
268,10,Y5N=j>Naxr=MZ3*j,69134979
269,10,Y5N=j>Naxr=MZ3*j,76795732
270,10,Y5N=j>Naxr=MZ3*j,73787582
271,10,Y5N=j>Naxr=MZ3*j,71492178
272,10,Y5N=j>Naxr=MZ3*j,75290320
273,10,Y5N=j>Naxr=MZ3*j,79355981
274,10,Y5N=j>Naxr=MZ3*j,70780599
275,10,Y5N=j>Naxr=MZ3*j,72497684
276,10,Y5N=j>Naxr=MZ3*j,71744398
277,10,Y5N=j>Naxr=MZ3*j,71987673
278,10,Y5N=j>Naxr=MZ3*j,72562329
279,10,Y5N=j>Naxr=MZ3*j,70382387
280,10,Y5N=j>Naxr=MZ3*j,73005567
281,10,Y5N=j>Naxr=MZ3*j,75695098
282,10,Y5N=j>Naxr=MZ3*j,69802286
283,10,Y5N=j>Naxr=MZ3*j,75428423
284,10,Y5N=j>Naxr=MZ3*j,68946599
285,10,Y5N=j>Naxr=MZ3*j,79035740
286,10,Y5N=j>Naxr=MZ3*j,75624399
287,10,Y5N=j>Naxr=MZ3*j,68576401
288,10,Y5N=j>Naxr=MZ3*j,68502448
289,10,Y5N=j>Naxr=MZ3*j,69174981
290,10,Y5N=j>Naxr=MZ3*j,72759144
291,10,Y5N=j>Naxr=MZ3*j,68312366
292,10,Y5N=j>Naxr=MZ3*j,72945787
293,10,Y5N=j>Naxr=MZ3*j,79871034
294,10,Y5N=j>Naxr=MZ3*j,73360219
295,10,Y5N=j>Naxr=MZ3*j,70064791
296,10,Y5N=j>Naxr=MZ3*j,73656354
297,10,Y5N=j>Naxr=MZ3*j,76935742
298,10,Y5N=j>Naxr=MZ3*j,71175852
299,10,Y5N=j>Naxr=MZ3*j,77009766
300,10,Y5N=j>Naxr=MZ3*j,73049572
301,10,Y5N=j>Naxr=MZ3*j,72730888
302,10,Y5N=j>Naxr=MZ3*j,72971168
303,10,Y5N=j>Naxr=MZ3*j,70305838
304,10,Y5N=j>Naxr=MZ3*j,72451689
305,10,Y5N=j>Naxr=MZ3*j,74903485
306,10,Y5N=j>Naxr=MZ3*j,72595300
307,10,Y5N=j>Naxr=MZ3*j,76493442
308,10,Y5N=j>Naxr=MZ3*j,69817188
309,10,Y5N=j>Naxr=MZ3*j,73742042
310,10,Y5N=j>Naxr=MZ3*j,82566379
311,10,Y5N=j>Naxr=MZ3*j,73567361
312,10,Y5N=j>Naxr=MZ3*j,71154876
313,10,Y5N=j>Naxr=MZ3*j,73197595
314,10,Y5N=j>Naxr=MZ3*j,69789904
315,10,Y5N=j>Naxr=MZ3*j,70419000
316,10,Y5N=j>Naxr=MZ3*j,71644985
317,10,Y5N=j>Naxr=MZ3*j,73969674
318,10,Y5N=j>Naxr=MZ3*j,70575538
319,10,Y5N=j>Naxr=MZ3*j,80290152
320,10,Y5N=j>Naxr=MZ3*j,76273186
321,10,Y5N=j>Naxr=MZ3*j,77767258
322,10,Y5N=j>Naxr=MZ3*j,72959407
323,10,Y5N=j>Naxr=MZ3*j,70785694
324,10,Y5N=j>Naxr=MZ3*j,71192196
325,10,Y5N=j>Naxr=MZ3*j,70246652
326,10,Y5N=j>Naxr=MZ3*j,69997886
327,10,Y5N=j>Naxr=MZ3*j,78080408
328,10,Y5N=j>Naxr=MZ3*j,73805236
329,10,Y5N=j>Naxr=MZ3*j,81176800
330,10,Y5N=j>Naxr=MZ3*j,74694303
331,10,Y5N=j>Naxr=MZ3*j,75040826
332,10,Y5N=j>Naxr=MZ3*j,74713128
333,10,Y5N=j>Naxr=MZ3*j,72223891
334,10,Y5N=j>Naxr=MZ3*j,71699654
335,10,Y5N=j>Naxr=MZ3*j,69213987
336,10,Y5N=j>Naxr=MZ3*j,70511657
337,10,Y5N=j>Naxr=MZ3*j,72781700
338,10,Y5N=j>Naxr=MZ3*j,70222224
339,10,Y5N=j>Naxr=MZ3*j,68420148
340,10,Y5N=j>Naxr=MZ3*j,68467385
341,10,Y5N=j>Naxr=MZ3*j,77142041
342,10,Y5N=j>Naxr=MZ3*j,70260785
343,10,Y5N=j>Naxr=MZ3*j,76565844
344,10,Y5N=j>Naxr=MZ3*j,70159023
345,10,Y5N=j>Naxr=MZ3*j,70427815
346,10,Y5N=j>Naxr=MZ3*j,74395107
347,10,Y5N=j>Naxr=MZ3*j,68042493
348,10,Y5N=j>Naxr=MZ3*j,69886871
349,10,Y5N=j>Naxr=MZ3*j,78233198
350,10,Y5N=j>Naxr=MZ3*j,74140148
351,10,Y5N=j>Naxr=MZ3*j,72809321
352,10,Y5N=j>Naxr=MZ3*j,74279941
353,10,Y5N=j>Naxr=MZ3*j,68936835
354,10,Y5N=j>Naxr=MZ3*j,82698447
355,10,Y5N=j>Naxr=MZ3*j,79579581
356,10,Y5N=j>Naxr=MZ3*j,72665398
357,10,Y5N=j>Naxr=MZ3*j,72705143
358,10,Y5N=j>Naxr=MZ3*j,78866118
359,10,Y5N=j>Naxr=MZ3*j,79542120
360,10,Y5N=j>Naxr=MZ3*j,76633204
361,10,Y5N=j>Naxr=MZ3*j,74312471
362,10,Y5N=j>Naxr=MZ3*j,75454104
363,10,Y5N=j>Naxr=MZ3*j,80203172
364,10,Y5N=j>Naxr=MZ3*j,74021860
365,10,Y5N=j>Naxr=MZ3*j,70948007
366,10,Y5N=j>Naxr=MZ3*j,70412959
367,10,Y5N=j>Naxr=MZ3*j,71018209
368,10,Y5N=j>Naxr=MZ3*j,69824245
369,10,Y5N=j>Naxr=MZ3*j,70714855
370,10,Y5N=j>Naxr=MZ3*j,73593724
371,10,Y5N=j>Naxr=MZ3*j,71008831
372,10,Y5N=j>Naxr=MZ3*j,69872637
373,10,Y5N=j>Naxr=MZ3*j,69037514
374,10,Y5N=j>Naxr=MZ3*j,80391683
375,10,Y5N=j>Naxr=MZ3*j,72304222
376,10,Y5N=j>Naxr=MZ3*j,78298037
377,10,Y5N=j>Naxr=MZ3*j,72786486
378,10,Y5N=j>Naxr=MZ3*j,77847831
379,10,Y5N=j>Naxr=MZ3*j,77971775
380,10,Y5N=j>Naxr=MZ3*j,73127779
381,10,Y5N=j>Naxr=MZ3*j,74619412
382,10,Y5N=j>Naxr=MZ3*j,74057726
383,10,Y5N=j>Naxr=MZ3*j,77314062
384,10,Y5N=j>Naxr=MZ3*j,72362883
385,10,Y5N=j>Naxr=MZ3*j,80371877
386,10,Y5N=j>Naxr=MZ3*j,68152094
387,10,Y5N=j>Naxr=MZ3*j,70788974
388,10,Y5N=j>Naxr=MZ3*j,73102070
389,10,Y5N=j>Naxr=MZ3*j,76711929
390,10,Y5N=j>Naxr=MZ3*j,72835265
391,10,Y5N=j>Naxr=MZ3*j,74565236
392,10,Y5N=j>Naxr=MZ3*j,76228853
393,10,Y5N=j>Naxr=MZ3*j,76310048
394,10,Y5N=j>Naxr=MZ3*j,75967543
395,10,Y5N=j>Naxr=MZ3*j,77267122
396,10,Y5N=j>Naxr=MZ3*j,76717161
397,10,Y5N=j>Naxr=MZ3*j,76633028
398,10,Y5N=j>Naxr=MZ3*j,72415912
399,10,Y5N=j>Naxr=MZ3*j,76389779
400,10,Y5N=j>Naxr=MZ3*j,69126044
401,10,Y5N=j>Naxr=MZ3*j,74374127
402,10,Y5N=j>Naxr=MZ3*j,76409607
403,10,Y5N=j>Naxr=MZ3*j,69304910
404,10,Y5N=j>Naxr=MZ3*j,77506960
405,10,Y5N=j>Naxr=MZ3*j,74802738
406,10,Y5N=j>Naxr=MZ3*j,74816353
407,10,Y5N=j>Naxr=MZ3*j,70260132
408,10,Y5N=j>Naxr=MZ3*j,70358940
409,10,Y5N=j>Naxr=MZ3*j,74784874
410,10,Y5N=j>Naxr=MZ3*j,75521120
411,10,Y5N=j>Naxr=MZ3*j,69290605
412,10,Y5N=j>Naxr=MZ3*j,72320811
413,10,Y5N=j>Naxr=MZ3*j,78493759
414,10,Y5N=j>Naxr=MZ3*j,78856561
415,10,Y5N=j>Naxr=MZ3*j,71584838
416,10,Y5N=j>Naxr=MZ3*j,74009432
417,10,Y5N=j>Naxr=MZ3*j,70503385
418,10,Y5N=j>Naxr=MZ3*j,69050553
419,10,Y5N=j>Naxr=MZ3*j,68619012
420,10,Y5N=j>Naxr=MZ3*j,81615051
421,10,Y5N=j>Naxr=MZ3*j,80894017
422,10,Y5N=j>Naxr=MZ3*j,73010764
423,10,Y5N=j>Naxr=MZ3*j,79220985
424,10,Y5N=j>Naxr=MZ3*j,74766617
425,10,Y5N=j>Naxr=MZ3*j,69460644
426,10,Y5N=j>Naxr=MZ3*j,76982480
427,10,Y5N=j>Naxr=MZ3*j,70039176
428,10,Y5N=j>Naxr=MZ3*j,70260610
429,10,Y5N=j>Naxr=MZ3*j,68485473
430,10,Y5N=j>Naxr=MZ3*j,69407976
431,10,Y5N=j>Naxr=MZ3*j,73812234
432,10,Y5N=j>Naxr=MZ3*j,72437854
433,10,Y5N=j>Naxr=MZ3*j,74540247
434,10,Y5N=j>Naxr=MZ3*j,74545972
435,10,Y5N=j>Naxr=MZ3*j,70459119
436,10,Y5N=j>Naxr=MZ3*j,70222610
437,10,Y5N=j>Naxr=MZ3*j,68768105
438,10,Y5N=j>Naxr=MZ3*j,76618637
439,10,Y5N=j>Naxr=MZ3*j,75326317
440,10,Y5N=j>Naxr=MZ3*j,74484907
441,10,Y5N=j>Naxr=MZ3*j,78094352
442,10,Y5N=j>Naxr=MZ3*j,72722860
443,10,Y5N=j>Naxr=MZ3*j,74191462
444,10,Y5N=j>Naxr=MZ3*j,72223018
445,10,Y5N=j>Naxr=MZ3*j,74061917
446,10,Y5N=j>Naxr=MZ3*j,68781868
447,10,Y5N=j>Naxr=MZ3*j,73673243
448,10,Y5N=j>Naxr=MZ3*j,74697011
449,10,Y5N=j>Naxr=MZ3*j,68230038
450,10,Y5N=j>Naxr=MZ3*j,70304792
451,10,Y5N=j>Naxr=MZ3*j,70409243
452,10,Y5N=j>Naxr=MZ3*j,68625053
453,10,Y5N=j>Naxr=MZ3*j,72609356
454,10,Y5N=j>Naxr=MZ3*j,80133241
455,10,Y5N=j>Naxr=MZ3*j,72550000
456,10,Y5N=j>Naxr=MZ3*j,74050555
457,10,Y5N=j>Naxr=MZ3*j,68784518
458,10,Y5N=j>Naxr=MZ3*j,71817526
459,10,Y5N=j>Naxr=MZ3*j,74907854
460,10,Y5N=j>Naxr=MZ3*j,78923797
461,10,Y5N=j>Naxr=MZ3*j,69145112
462,10,Y5N=j>Naxr=MZ3*j,75368582
463,10,Y5N=j>Naxr=MZ3*j,73942686
464,10,Y5N=j>Naxr=MZ3*j,75043666
465,10,Y5N=j>Naxr=MZ3*j,72231148
466,10,Y5N=j>Naxr=MZ3*j,72127280
467,10,Y5N=j>Naxr=MZ3*j,68436272
468,10,Y5N=j>Naxr=MZ3*j,76507883
469,10,Y5N=j>Naxr=MZ3*j,70172096
470,10,Y5N=j>Naxr=MZ3*j,74323970
471,10,Y5N=j>Naxr=MZ3*j,71414732
472,10,Y5N=j>Naxr=MZ3*j,72372786
473,10,Y5N=j>Naxr=MZ3*j,71089550
474,10,Y5N=j>Naxr=MZ3*j,78785957
475,10,Y5N=j>Naxr=MZ3*j,70660452
476,10,Y5N=j>Naxr=MZ3*j,72811674
477,10,Y5N=j>Naxr=MZ3*j,68340485
478,10,Y5N=j>Naxr=MZ3*j,68590267
479,10,Y5N=j>Naxr=MZ3*j,70180014
480,10,Y5N=j>Naxr=MZ3*j,73275668
481,10,Y5N=j>Naxr=MZ3*j,72469069
482,10,Y5N=j>Naxr=MZ3*j,68640615
483,10,Y5N=j>Naxr=MZ3*j,68298009
484,10,Y5N=j>Naxr=MZ3*j,70116033
485,10,Y5N=j>Naxr=MZ3*j,73372690
486,10,Y5N=j>Naxr=MZ3*j,76753920
487,10,Y5N=j>Naxr=MZ3*j,72556731
488,10,Y5N=j>Naxr=MZ3*j,72462966
489,10,Y5N=j>Naxr=MZ3*j,72641191
490,10,Y5N=j>Naxr=MZ3*j,74033977
491,10,Y5N=j>Naxr=MZ3*j,77739419
492,10,Y5N=j>Naxr=MZ3*j,70184245
493,10,Y5N=j>Naxr=MZ3*j,70335850
494,10,Y5N=j>Naxr=MZ3*j,76774481
495,10,Y5N=j>Naxr=MZ3*j,75439791
496,10,Y5N=j>Naxr=MZ3*j,69979756
497,10,Y5N=j>Naxr=MZ3*j,72432380
498,10,Y5N=j>Naxr=MZ3*j,72863717
499,10,Y5N=j>Naxr=MZ3*j,76286734
500,10,Y5N=j>Naxr=MZ3*j,70871291
501,10,Y5N=j>Naxr=MZ3*j,70900593
502,10,Y5N=j>Naxr=MZ3*j,70742827
503,10,Y5N=j>Naxr=MZ3*j,74168723
504,10,Y5N=j>Naxr=MZ3*j,78185941
505,10,Y5N=j>Naxr=MZ3*j,68620075
506,10,Y5N=j>Naxr=MZ3*j,68233309
507,10,Y5N=j>Naxr=MZ3*j,73897315
508,10,Y5N=j>Naxr=MZ3*j,74422190
509,10,Y5N=j>Naxr=MZ3*j,71433020
510,10,Y5N=j>Naxr=MZ3*j,75869925
511,10,Y5N=j>Naxr=MZ3*j,72271791
512,10,Y5N=j>Naxr=MZ3*j,72586112
513,10,Y5N=j>Naxr=MZ3*j,69374616
514,10,Y5N=j>Naxr=MZ3*j,68293003
515,10,Y5N=j>Naxr=MZ3*j,75346221
516,10,Y5N=j>Naxr=MZ3*j,73229912
517,10,Y5N=j>Naxr=MZ3*j,68291343
518,10,Y5N=j>Naxr=MZ3*j,76773319
519,10,Y5N=j>Naxr=MZ3*j,72461698
520,10,Y5N=j>Naxr=MZ3*j,76509689
521,10,Y5N=j>Naxr=MZ3*j,76751188
522,10,Y5N=j>Naxr=MZ3*j,72576084
523,10,Y5N=j>Naxr=MZ3*j,76654203
524,10,Y5N=j>Naxr=MZ3*j,68681254
525,10,Y5N=j>Naxr=MZ3*j,68624278
526,10,Y5N=j>Naxr=MZ3*j,68509268
527,10,Y5N=j>Naxr=MZ3*j,75892175
528,10,Y5N=j>Naxr=MZ3*j,74174003
529,10,Y5N=j>Naxr=MZ3*j,72451787
530,10,Y5N=j>Naxr=MZ3*j,68661151
531,10,Y5N=j>Naxr=MZ3*j,76114563
532,10,Y5N=j>Naxr=MZ3*j,80997860
533,10,Y5N=j>Naxr=MZ3*j,72724879
534,10,Y5N=j>Naxr=MZ3*j,75573552
535,10,Y5N=j>Naxr=MZ3*j,69987881
536,10,Y5N=j>Naxr=MZ3*j,68370206
537,10,Y5N=j>Naxr=MZ3*j,76456914
538,10,Y5N=j>Naxr=MZ3*j,76626689
539,10,Y5N=j>Naxr=MZ3*j,74463925
540,10,Y5N=j>Naxr=MZ3*j,74052773
541,10,Y5N=j>Naxr=MZ3*j,73080112
542,10,Y5N=j>Naxr=MZ3*j,73671768
543,10,Y5N=j>Naxr=MZ3*j,83418195
544,10,Y5N=j>Naxr=MZ3*j,68660939
545,10,Y5N=j>Naxr=MZ3*j,72545904
546,10,Y5N=j>Naxr=MZ3*j,73043427
547,10,Y5N=j>Naxr=MZ3*j,76659789
548,10,Y5N=j>Naxr=MZ3*j,68570013
549,10,Y5N=j>Naxr=MZ3*j,74017174
550,10,Y5N=j>Naxr=MZ3*j,73106652
551,10,Y5N=j>Naxr=MZ3*j,74491970
552,10,Y5N=j>Naxr=MZ3*j,70817994
553,10,Y5N=j>Naxr=MZ3*j,80212254
554,10,Y5N=j>Naxr=MZ3*j,68661326
555,10,Y5N=j>Naxr=MZ3*j,78001727
556,10,Y5N=j>Naxr=MZ3*j,71320028
557,10,Y5N=j>Naxr=MZ3*j,69815409
558,10,Y5N=j>Naxr=MZ3*j,74634338
559,10,Y5N=j>Naxr=MZ3*j,68773624
560,10,Y5N=j>Naxr=MZ3*j,69699701
561,10,Y5N=j>Naxr=MZ3*j,72717317
562,10,Y5N=j>Naxr=MZ3*j,75714693
563,10,Y5N=j>Naxr=MZ3*j,75879215
564,10,Y5N=j>Naxr=MZ3*j,71320438
565,10,Y5N=j>Naxr=MZ3*j,74684040
566,10,Y5N=j>Naxr=MZ3*j,68474337
567,10,Y5N=j>Naxr=MZ3*j,74553627
568,10,Y5N=j>Naxr=MZ3*j,76259838
569,10,Y5N=j>Naxr=MZ3*j,73874222
570,10,Y5N=j>Naxr=MZ3*j,79879766
571,10,Y5N=j>Naxr=MZ3*j,72600362
572,10,Y5N=j>Naxr=MZ3*j,75681735
573,10,Y5N=j>Naxr=MZ3*j,77081043
574,10,Y5N=j>Naxr=MZ3*j,68347804
575,10,Y5N=j>Naxr=MZ3*j,76466133
576,10,Y5N=j>Naxr=MZ3*j,69905436
577,10,Y5N=j>Naxr=MZ3*j,77571924
578,10,Y5N=j>Naxr=MZ3*j,68729589
579,10,Y5N=j>Naxr=MZ3*j,76483092
580,10,Y5N=j>Naxr=MZ3*j,75004023
581,10,Y5N=j>Naxr=MZ3*j,69336674
582,10,Y5N=j>Naxr=MZ3*j,72822693
583,10,Y5N=j>Naxr=MZ3*j,74722318
584,10,Y5N=j>Naxr=MZ3*j,71004605
585,10,Y5N=j>Naxr=MZ3*j,80440983
586,10,Y5N=j>Naxr=MZ3*j,73494547
587,10,Y5N=j>Naxr=MZ3*j,77240021
588,10,Y5N=j>Naxr=MZ3*j,79102190
589,10,Y5N=j>Naxr=MZ3*j,72627785
590,10,Y5N=j>Naxr=MZ3*j,71392101
591,10,Y5N=j>Naxr=MZ3*j,77506152
592,10,Y5N=j>Naxr=MZ3*j,71790832
593,10,Y5N=j>Naxr=MZ3*j,74569190
594,10,Y5N=j>Naxr=MZ3*j,73150742
595,10,Y5N=j>Naxr=MZ3*j,70714657
596,10,Y5N=j>Naxr=MZ3*j,73726375
597,10,Y5N=j>Naxr=MZ3*j,70659473
598,10,Y5N=j>Naxr=MZ3*j,68903530
599,10,Y5N=j>Naxr=MZ3*j,71559162
600,10,Y5N=j>Naxr=MZ3*j,73456897
601,10,Y5N=j>Naxr=MZ3*j,70525013
602,10,Y5N=j>Naxr=MZ3*j,72255559
603,10,Y5N=j>Naxr=MZ3*j,72160835
604,10,Y5N=j>Naxr=MZ3*j,77497051
605,10,Y5N=j>Naxr=MZ3*j,76529571
606,10,Y5N=j>Naxr=MZ3*j,74231103
607,10,Y5N=j>Naxr=MZ3*j,76865650
608,10,Y5N=j>Naxr=MZ3*j,80362868
609,10,Y5N=j>Naxr=MZ3*j,73240892
610,10,Y5N=j>Naxr=MZ3*j,70122183
611,10,Y5N=j>Naxr=MZ3*j,73178997
612,10,Y5N=j>Naxr=MZ3*j,79053773
613,10,Y5N=j>Naxr=MZ3*j,69567549
614,10,Y5N=j>Naxr=MZ3*j,68736971
615,10,Y5N=j>Naxr=MZ3*j,78701235
616,10,Y5N=j>Naxr=MZ3*j,71656766
617,10,Y5N=j>Naxr=MZ3*j,72263636
618,10,Y5N=j>Naxr=MZ3*j,72538318
619,10,Y5N=j>Naxr=MZ3*j,70493405
620,10,Y5N=j>Naxr=MZ3*j,76703011
621,10,Y5N=j>Naxr=MZ3*j,70766144
622,10,Y5N=j>Naxr=MZ3*j,73374755
623,10,Y5N=j>Naxr=MZ3*j,70523391
624,10,Y5N=j>Naxr=MZ3*j,69679693
625,10,Y5N=j>Naxr=MZ3*j,73626317
626,10,Y5N=j>Naxr=MZ3*j,77461015
627,10,Y5N=j>Naxr=MZ3*j,73993354
628,10,Y5N=j>Naxr=MZ3*j,69753772
629,10,Y5N=j>Naxr=MZ3*j,72600225
630,10,Y5N=j>Naxr=MZ3*j,74340749
631,10,Y5N=j>Naxr=MZ3*j,70306521
632,10,Y5N=j>Naxr=MZ3*j,72362020
633,10,Y5N=j>Naxr=MZ3*j,72655432
634,10,Y5N=j>Naxr=MZ3*j,75829720
635,10,Y5N=j>Naxr=MZ3*j,86591502
636,10,Y5N=j>Naxr=MZ3*j,76583767
637,10,Y5N=j>Naxr=MZ3*j,76140716
638,10,Y5N=j>Naxr=MZ3*j,70882754
639,10,Y5N=j>Naxr=MZ3*j,72243397
640,10,Y5N=j>Naxr=MZ3*j,72947882
641,10,Y5N=j>Naxr=MZ3*j,70619651
642,10,Y5N=j>Naxr=MZ3*j,72546160
643,10,Y5N=j>Naxr=MZ3*j,70942103
644,10,Y5N=j>Naxr=MZ3*j,77390484
645,10,Y5N=j>Naxr=MZ3*j,71230236
646,10,Y5N=j>Naxr=MZ3*j,72583436
647,10,Y5N=j>Naxr=MZ3*j,68609953
648,10,Y5N=j>Naxr=MZ3*j,73185308
649,10,Y5N=j>Naxr=MZ3*j,69089303
650,10,Y5N=j>Naxr=MZ3*j,72704773
651,10,Y5N=j>Naxr=MZ3*j,71950660
652,10,Y5N=j>Naxr=MZ3*j,83491251
653,10,Y5N=j>Naxr=MZ3*j,70458624
654,10,Y5N=j>Naxr=MZ3*j,74742666
655,10,Y5N=j>Naxr=MZ3*j,74897045
656,10,Y5N=j>Naxr=MZ3*j,68564398
657,10,Y5N=j>Naxr=MZ3*j,73881288
658,10,Y5N=j>Naxr=MZ3*j,68633769
659,10,Y5N=j>Naxr=MZ3*j,72667510
660,10,Y5N=j>Naxr=MZ3*j,72962237
661,10,Y5N=j>Naxr=MZ3*j,74472046
662,10,Y5N=j>Naxr=MZ3*j,71816262
663,10,Y5N=j>Naxr=MZ3*j,71999917
664,10,Y5N=j>Naxr=MZ3*j,79880337
665,10,Y5N=j>Naxr=MZ3*j,74779409
666,10,Y5N=j>Naxr=MZ3*j,74980918
667,10,Y5N=j>Naxr=MZ3*j,72810340
668,10,Y5N=j>Naxr=MZ3*j,80722983
669,10,Y5N=j>Naxr=MZ3*j,72792033
670,10,Y5N=j>Naxr=MZ3*j,68331897
671,10,Y5N=j>Naxr=MZ3*j,70060231
672,10,Y5N=j>Naxr=MZ3*j,73942721
673,10,Y5N=j>Naxr=MZ3*j,72610908
674,10,Y5N=j>Naxr=MZ3*j,68428945
675,10,Y5N=j>Naxr=MZ3*j,70372874
676,10,Y5N=j>Naxr=MZ3*j,74254760
677,10,Y5N=j>Naxr=MZ3*j,74336322
678,10,Y5N=j>Naxr=MZ3*j,74707911
679,10,Y5N=j>Naxr=MZ3*j,72494369
680,10,Y5N=j>Naxr=MZ3*j,72304095
681,10,Y5N=j>Naxr=MZ3*j,77145843
682,10,Y5N=j>Naxr=MZ3*j,72353304
683,10,Y5N=j>Naxr=MZ3*j,72332771
684,10,Y5N=j>Naxr=MZ3*j,74016990
685,10,Y5N=j>Naxr=MZ3*j,76670293
686,10,Y5N=j>Naxr=MZ3*j,76493252
687,10,Y5N=j>Naxr=MZ3*j,78594265
688,10,Y5N=j>Naxr=MZ3*j,72620060
689,10,Y5N=j>Naxr=MZ3*j,73002206
690,10,Y5N=j>Naxr=MZ3*j,73727513
691,10,Y5N=j>Naxr=MZ3*j,78547990
692,10,Y5N=j>Naxr=MZ3*j,76892096
693,10,Y5N=j>Naxr=MZ3*j,78387966
694,10,Y5N=j>Naxr=MZ3*j,76464357
695,10,Y5N=j>Naxr=MZ3*j,70661786
696,10,Y5N=j>Naxr=MZ3*j,72370643
697,10,Y5N=j>Naxr=MZ3*j,76664352
698,10,Y5N=j>Naxr=MZ3*j,72045279
699,10,Y5N=j>Naxr=MZ3*j,72779298
700,10,Y5N=j>Naxr=MZ3*j,77216457
701,10,Y5N=j>Naxr=MZ3*j,75619227
702,10,Y5N=j>Naxr=MZ3*j,78166193
703,10,Y5N=j>Naxr=MZ3*j,69451760
704,10,Y5N=j>Naxr=MZ3*j,72456049
705,10,Y5N=j>Naxr=MZ3*j,73584258
706,10,Y5N=j>Naxr=MZ3*j,68550760
707,10,Y5N=j>Naxr=MZ3*j,69162254
708,10,Y5N=j>Naxr=MZ3*j,79159588
709,10,Y5N=j>Naxr=MZ3*j,69732963
710,10,Y5N=j>Naxr=MZ3*j,75255706
711,10,Y5N=j>Naxr=MZ3*j,68516604
712,10,Y5N=j>Naxr=MZ3*j,73037528
713,10,Y5N=j>Naxr=MZ3*j,68525091
714,10,Y5N=j>Naxr=MZ3*j,72467947
715,10,Y5N=j>Naxr=MZ3*j,76453884
716,10,Y5N=j>Naxr=MZ3*j,76792864
717,10,Y5N=j>Naxr=MZ3*j,70529686
718,10,Y5N=j>Naxr=MZ3*j,74342729
719,10,Y5N=j>Naxr=MZ3*j,71148591
720,10,Y5N=j>Naxr=MZ3*j,77883523
721,10,Y5N=j>Naxr=MZ3*j,68703906
722,10,Y5N=j>Naxr=MZ3*j,68250685
723,10,Y5N=j>Naxr=MZ3*j,76920150
724,10,Y5N=j>Naxr=MZ3*j,72128166
725,10,Y5N=j>Naxr=MZ3*j,74558169
726,10,Y5N=j>Naxr=MZ3*j,72356427
727,10,Y5N=j>Naxr=MZ3*j,68525006
728,10,Y5N=j>Naxr=MZ3*j,70555661
729,10,Y5N=j>Naxr=MZ3*j,77743155
730,10,Y5N=j>Naxr=MZ3*j,74423831
731,10,Y5N=j>Naxr=MZ3*j,80860142
732,10,Y5N=j>Naxr=MZ3*j,76638356
733,10,Y5N=j>Naxr=MZ3*j,71814243
734,10,Y5N=j>Naxr=MZ3*j,72631347
735,10,Y5N=j>Naxr=MZ3*j,73049695
736,10,Y5N=j>Naxr=MZ3*j,72538775
737,10,Y5N=j>Naxr=MZ3*j,72543298
738,10,Y5N=j>Naxr=MZ3*j,68233791
739,10,Y5N=j>Naxr=MZ3*j,78600477
740,10,Y5N=j>Naxr=MZ3*j,68778190
741,10,Y5N=j>Naxr=MZ3*j,79939444
742,10,Y5N=j>Naxr=MZ3*j,68550565
743,10,Y5N=j>Naxr=MZ3*j,72431227
744,10,Y5N=j>Naxr=MZ3*j,72494487
745,10,Y5N=j>Naxr=MZ3*j,80424396
746,10,Y5N=j>Naxr=MZ3*j,75736723
747,10,Y5N=j>Naxr=MZ3*j,72355287
748,10,Y5N=j>Naxr=MZ3*j,74864017
749,10,Y5N=j>Naxr=MZ3*j,72794873
750,10,Y5N=j>Naxr=MZ3*j,70517797
751,10,Y5N=j>Naxr=MZ3*j,74433652
752,10,Y5N=j>Naxr=MZ3*j,71052003
753,10,Y5N=j>Naxr=MZ3*j,69860986
754,10,Y5N=j>Naxr=MZ3*j,68221798
755,10,Y5N=j>Naxr=MZ3*j,78655100
756,10,Y5N=j>Naxr=MZ3*j,76619551
757,10,Y5N=j>Naxr=MZ3*j,72509446
758,10,Y5N=j>Naxr=MZ3*j,71332571
759,10,Y5N=j>Naxr=MZ3*j,74291486
760,10,Y5N=j>Naxr=MZ3*j,68424022
761,10,Y5N=j>Naxr=MZ3*j,72410172
762,10,Y5N=j>Naxr=MZ3*j,70585816
763,10,Y5N=j>Naxr=MZ3*j,70877431
764,10,Y5N=j>Naxr=MZ3*j,80747833
765,10,Y5N=j>Naxr=MZ3*j,79953975
766,10,Y5N=j>Naxr=MZ3*j,70268501
767,10,Y5N=j>Naxr=MZ3*j,68272749
768,10,Y5N=j>Naxr=MZ3*j,68263622
769,10,Y5N=j>Naxr=MZ3*j,73612022
770,10,Y5N=j>Naxr=MZ3*j,69964562
771,10,Y5N=j>Naxr=MZ3*j,68275210
772,10,Y5N=j>Naxr=MZ3*j,69912100
773,10,Y5N=j>Naxr=MZ3*j,69295009
774,10,Y5N=j>Naxr=MZ3*j,70412126
775,10,Y5N=j>Naxr=MZ3*j,75068451
776,10,Y5N=j>Naxr=MZ3*j,72490877
777,10,Y5N=j>Naxr=MZ3*j,71658455
778,10,Y5N=j>Naxr=MZ3*j,70796062
779,10,Y5N=j>Naxr=MZ3*j,71827913
780,10,Y5N=j>Naxr=MZ3*j,68086782
781,10,Y5N=j>Naxr=MZ3*j,68783230
782,10,Y5N=j>Naxr=MZ3*j,68243775
783,10,Y5N=j>Naxr=MZ3*j,68360522
784,10,Y5N=j>Naxr=MZ3*j,76651716
785,10,Y5N=j>Naxr=MZ3*j,69052716
786,10,Y5N=j>Naxr=MZ3*j,72728104
787,10,Y5N=j>Naxr=MZ3*j,73743084
788,10,Y5N=j>Naxr=MZ3*j,69802962
789,10,Y5N=j>Naxr=MZ3*j,75721890
790,10,Y5N=j>Naxr=MZ3*j,75453935
791,10,Y5N=j>Naxr=MZ3*j,68833614
792,10,Y5N=j>Naxr=MZ3*j,70693644
793,10,Y5N=j>Naxr=MZ3*j,72129577
794,10,Y5N=j>Naxr=MZ3*j,72646629
795,10,Y5N=j>Naxr=MZ3*j,69329609
796,10,Y5N=j>Naxr=MZ3*j,76876228
797,10,Y5N=j>Naxr=MZ3*j,68357237
798,10,Y5N=j>Naxr=MZ3*j,70508832
799,10,Y5N=j>Naxr=MZ3*j,74626610
800,10,Y5N=j>Naxr=MZ3*j,70904306
801,10,Y5N=j>Naxr=MZ3*j,76950725
802,10,Y5N=j>Naxr=MZ3*j,73257752
803,10,Y5N=j>Naxr=MZ3*j,70575170
804,10,Y5N=j>Naxr=MZ3*j,68847272
805,10,Y5N=j>Naxr=MZ3*j,75142731
806,10,Y5N=j>Naxr=MZ3*j,73431226
807,10,Y5N=j>Naxr=MZ3*j,70540033
808,10,Y5N=j>Naxr=MZ3*j,74348992
809,10,Y5N=j>Naxr=MZ3*j,80774660
810,10,Y5N=j>Naxr=MZ3*j,68468138
811,10,Y5N=j>Naxr=MZ3*j,78479300
812,10,Y5N=j>Naxr=MZ3*j,72720520
813,10,Y5N=j>Naxr=MZ3*j,76507936
814,10,Y5N=j>Naxr=MZ3*j,70837931
815,10,Y5N=j>Naxr=MZ3*j,72879257
816,10,Y5N=j>Naxr=MZ3*j,76762250
817,10,Y5N=j>Naxr=MZ3*j,68665750
818,10,Y5N=j>Naxr=MZ3*j,69880808
819,10,Y5N=j>Naxr=MZ3*j,74956746
820,10,Y5N=j>Naxr=MZ3*j,70048762
821,10,Y5N=j>Naxr=MZ3*j,76920191
822,10,Y5N=j>Naxr=MZ3*j,76764150
823,10,Y5N=j>Naxr=MZ3*j,73211358
824,10,Y5N=j>Naxr=MZ3*j,77518989
825,10,Y5N=j>Naxr=MZ3*j,71262551
826,10,Y5N=j>Naxr=MZ3*j,78276497
827,10,Y5N=j>Naxr=MZ3*j,72861037
828,10,Y5N=j>Naxr=MZ3*j,76093629
829,10,Y5N=j>Naxr=MZ3*j,80605762
830,10,Y5N=j>Naxr=MZ3*j,71458554
831,10,Y5N=j>Naxr=MZ3*j,69991023
832,10,Y5N=j>Naxr=MZ3*j,70452052
833,10,Y5N=j>Naxr=MZ3*j,72670602
834,10,Y5N=j>Naxr=MZ3*j,72918527
835,10,Y5N=j>Naxr=MZ3*j,78874494
836,10,Y5N=j>Naxr=MZ3*j,78981189
837,10,Y5N=j>Naxr=MZ3*j,75141289
838,10,Y5N=j>Naxr=MZ3*j,75108785
839,10,Y5N=j>Naxr=MZ3*j,73313233
840,10,Y5N=j>Naxr=MZ3*j,76917514
841,10,Y5N=j>Naxr=MZ3*j,80365102
842,10,Y5N=j>Naxr=MZ3*j,78095405
843,10,Y5N=j>Naxr=MZ3*j,76878339
844,10,Y5N=j>Naxr=MZ3*j,73725575
845,10,Y5N=j>Naxr=MZ3*j,68407444
846,10,Y5N=j>Naxr=MZ3*j,76370967
847,10,Y5N=j>Naxr=MZ3*j,74258521
848,10,Y5N=j>Naxr=MZ3*j,68811048
849,10,Y5N=j>Naxr=MZ3*j,78449112
850,10,Y5N=j>Naxr=MZ3*j,72659891
851,10,Y5N=j>Naxr=MZ3*j,74350104
852,10,Y5N=j>Naxr=MZ3*j,72410316
853,10,Y5N=j>Naxr=MZ3*j,72090025
854,10,Y5N=j>Naxr=MZ3*j,74506026
855,10,Y5N=j>Naxr=MZ3*j,77000706
856,10,Y5N=j>Naxr=MZ3*j,72594160
857,10,Y5N=j>Naxr=MZ3*j,71181677
858,10,Y5N=j>Naxr=MZ3*j,68208852
859,10,Y5N=j>Naxr=MZ3*j,71825086
860,10,Y5N=j>Naxr=MZ3*j,72588149
861,10,Y5N=j>Naxr=MZ3*j,70148617
862,10,Y5N=j>Naxr=MZ3*j,76603242
863,10,Y5N=j>Naxr=MZ3*j,71363957
864,10,Y5N=j>Naxr=MZ3*j,73530662
865,10,Y5N=j>Naxr=MZ3*j,76883786
866,10,Y5N=j>Naxr=MZ3*j,74353033
867,10,Y5N=j>Naxr=MZ3*j,76546042
868,10,Y5N=j>Naxr=MZ3*j,73009735
869,10,Y5N=j>Naxr=MZ3*j,72795883
870,10,Y5N=j>Naxr=MZ3*j,74743723
871,10,Y5N=j>Naxr=MZ3*j,70968465
872,10,Y5N=j>Naxr=MZ3*j,68793269
873,10,Y5N=j>Naxr=MZ3*j,78534239
874,10,Y5N=j>Naxr=MZ3*j,78686138
875,10,Y5N=j>Naxr=MZ3*j,68539930
876,10,Y5N=j>Naxr=MZ3*j,72087960
877,10,Y5N=j>Naxr=MZ3*j,70328951
878,10,Y5N=j>Naxr=MZ3*j,72839679
879,10,Y5N=j>Naxr=MZ3*j,68385467
880,10,Y5N=j>Naxr=MZ3*j,74240294
881,10,Y5N=j>Naxr=MZ3*j,70652642
882,10,Y5N=j>Naxr=MZ3*j,71405154
883,10,Y5N=j>Naxr=MZ3*j,68703157
884,10,Y5N=j>Naxr=MZ3*j,70545661
885,10,Y5N=j>Naxr=MZ3*j,69716963
886,10,Y5N=j>Naxr=MZ3*j,72623142
887,10,Y5N=j>Naxr=MZ3*j,79594891
888,10,Y5N=j>Naxr=MZ3*j,75427867
889,10,Y5N=j>Naxr=MZ3*j,72884426
890,10,Y5N=j>Naxr=MZ3*j,81022811
891,10,Y5N=j>Naxr=MZ3*j,71340330
892,10,Y5N=j>Naxr=MZ3*j,72951859
893,10,Y5N=j>Naxr=MZ3*j,76475465
894,10,Y5N=j>Naxr=MZ3*j,70555094
895,10,Y5N=j>Naxr=MZ3*j,73492311
896,10,Y5N=j>Naxr=MZ3*j,68761988
897,10,Y5N=j>Naxr=MZ3*j,68250204
898,10,Y5N=j>Naxr=MZ3*j,69843652
899,10,Y5N=j>Naxr=MZ3*j,70995904
900,10,Y5N=j>Naxr=MZ3*j,75901325
901,10,Y5N=j>Naxr=MZ3*j,69800771
902,10,Y5N=j>Naxr=MZ3*j,77451309
903,10,Y5N=j>Naxr=MZ3*j,69919065
904,10,Y5N=j>Naxr=MZ3*j,79142332
905,10,Y5N=j>Naxr=MZ3*j,70943883
906,10,Y5N=j>Naxr=MZ3*j,77720567
907,10,Y5N=j>Naxr=MZ3*j,72808749
908,10,Y5N=j>Naxr=MZ3*j,73538364
909,10,Y5N=j>Naxr=MZ3*j,77699720
910,10,Y5N=j>Naxr=MZ3*j,69644946
911,10,Y5N=j>Naxr=MZ3*j,72782345
912,10,Y5N=j>Naxr=MZ3*j,70685915
913,10,Y5N=j>Naxr=MZ3*j,70903836
914,10,Y5N=j>Naxr=MZ3*j,68538614
915,10,Y5N=j>Naxr=MZ3*j,68499907
916,10,Y5N=j>Naxr=MZ3*j,68220547
917,10,Y5N=j>Naxr=MZ3*j,68338969
918,10,Y5N=j>Naxr=MZ3*j,74267061
919,10,Y5N=j>Naxr=MZ3*j,72364504
920,10,Y5N=j>Naxr=MZ3*j,77967524
921,10,Y5N=j>Naxr=MZ3*j,69542737
922,10,Y5N=j>Naxr=MZ3*j,68514110
923,10,Y5N=j>Naxr=MZ3*j,70433609
924,10,Y5N=j>Naxr=MZ3*j,73545873
925,10,Y5N=j>Naxr=MZ3*j,76070653
926,10,Y5N=j>Naxr=MZ3*j,76076815
927,10,Y5N=j>Naxr=MZ3*j,72763061
928,10,Y5N=j>Naxr=MZ3*j,72779544
929,10,Y5N=j>Naxr=MZ3*j,73002790
930,10,Y5N=j>Naxr=MZ3*j,77013096
931,10,Y5N=j>Naxr=MZ3*j,73010719
932,10,Y5N=j>Naxr=MZ3*j,68287950
933,10,Y5N=j>Naxr=MZ3*j,70342637
934,10,Y5N=j>Naxr=MZ3*j,72737782
935,10,Y5N=j>Naxr=MZ3*j,69530445
936,10,Y5N=j>Naxr=MZ3*j,68658929
937,10,Y5N=j>Naxr=MZ3*j,82083900
938,10,Y5N=j>Naxr=MZ3*j,76295908
939,10,Y5N=j>Naxr=MZ3*j,74154372
940,10,Y5N=j>Naxr=MZ3*j,72087354
941,10,Y5N=j>Naxr=MZ3*j,75259819
942,10,Y5N=j>Naxr=MZ3*j,73505729
943,10,Y5N=j>Naxr=MZ3*j,73535529
944,10,Y5N=j>Naxr=MZ3*j,81754631
945,10,Y5N=j>Naxr=MZ3*j,72693331
946,10,Y5N=j>Naxr=MZ3*j,69308085
947,10,Y5N=j>Naxr=MZ3*j,73089295
948,10,Y5N=j>Naxr=MZ3*j,75158183
949,10,Y5N=j>Naxr=MZ3*j,74314660
950,10,Y5N=j>Naxr=MZ3*j,68977134
951,10,Y5N=j>Naxr=MZ3*j,73937865
952,10,Y5N=j>Naxr=MZ3*j,72588327
953,10,Y5N=j>Naxr=MZ3*j,77143472
954,10,Y5N=j>Naxr=MZ3*j,74366049
955,10,Y5N=j>Naxr=MZ3*j,68553733
956,10,Y5N=j>Naxr=MZ3*j,70560583
957,10,Y5N=j>Naxr=MZ3*j,77927673
958,10,Y5N=j>Naxr=MZ3*j,68938743
959,10,Y5N=j>Naxr=MZ3*j,68911060
960,10,Y5N=j>Naxr=MZ3*j,78212733
961,10,Y5N=j>Naxr=MZ3*j,75140137
962,10,Y5N=j>Naxr=MZ3*j,77223810
963,10,Y5N=j>Naxr=MZ3*j,73030759
964,10,Y5N=j>Naxr=MZ3*j,68520917
965,10,Y5N=j>Naxr=MZ3*j,73515063
966,10,Y5N=j>Naxr=MZ3*j,72433413
967,10,Y5N=j>Naxr=MZ3*j,78298661
968,10,Y5N=j>Naxr=MZ3*j,71797220
969,10,Y5N=j>Naxr=MZ3*j,68849966
970,10,Y5N=j>Naxr=MZ3*j,74418940
971,10,Y5N=j>Naxr=MZ3*j,72911551
972,10,Y5N=j>Naxr=MZ3*j,70419556
973,10,Y5N=j>Naxr=MZ3*j,70544326
974,10,Y5N=j>Naxr=MZ3*j,78069389
975,10,Y5N=j>Naxr=MZ3*j,73924724
976,10,Y5N=j>Naxr=MZ3*j,80569845
977,10,Y5N=j>Naxr=MZ3*j,72846631
978,10,Y5N=j>Naxr=MZ3*j,72780320
979,10,Y5N=j>Naxr=MZ3*j,68841296
980,10,Y5N=j>Naxr=MZ3*j,72279097
981,10,Y5N=j>Naxr=MZ3*j,73975579
982,10,Y5N=j>Naxr=MZ3*j,68371535
983,10,Y5N=j>Naxr=MZ3*j,70383733
984,10,Y5N=j>Naxr=MZ3*j,70878642
985,10,Y5N=j>Naxr=MZ3*j,76457529
986,10,Y5N=j>Naxr=MZ3*j,68109132
987,10,Y5N=j>Naxr=MZ3*j,70398621
988,10,Y5N=j>Naxr=MZ3*j,74973881
989,10,Y5N=j>Naxr=MZ3*j,73991230
990,10,Y5N=j>Naxr=MZ3*j,72107691
991,10,Y5N=j>Naxr=MZ3*j,68630574
992,10,Y5N=j>Naxr=MZ3*j,68580756
993,10,Y5N=j>Naxr=MZ3*j,82104068
994,10,Y5N=j>Naxr=MZ3*j,77355037
995,10,Y5N=j>Naxr=MZ3*j,75411471
996,10,Y5N=j>Naxr=MZ3*j,81109529
997,10,Y5N=j>Naxr=MZ3*j,68810310
998,10,Y5N=j>Naxr=MZ3*j,71401358
999,10,Y5N=j>Naxr=MZ3*j,70270391
1000,10,Y5N=j>Naxr=MZ3*j,70277562
